{"cameraMode":{"drawMode":0,"name":"Shaded","section":"Shading Mode"},"sceneLighting":true,"audioPlay":false,"sceneViewState":{"m_AlwaysRefresh":false,"showFog":true,"showSkybox":true,"showFlares":true,"showImageEffects":true,"showParticleSystems":true,"showVisualEffectGraphs":true,"m_FxEnabled":true},"in2DMode":false,"pivot":{"x":-3.6242613792419435,"y":-0.4890584945678711,"z":-1.3111910820007325},"rotation":{"x":-0.38593918085098269,"y":-0.5935117602348328,"z":0.38826560974121096,"w":-0.5899568200111389},"size":18.623035430908204,"orthographic":false}